楼宇编号,楼宇名称,所属板块,物业类型,物业等级,报价租金(元/㎡/天),物业费(元/㎡/月),楼宇总建筑面积(㎡),竣工时间,标准层层高(米),出租率(%),入驻企业名称,入驻企业所属行业,入驻楼层,租赁面积(㎡),成交租金(元/㎡/天),免租期(月),企业经营状态,剩余租期(月)
YP001,创智天地企业中心,五角场,写字楼,甲级,7.2,28,86000,2010,4.2,19.1,哔哩哔哩科技有限公司,互联网/文娱,8-15F,12000,6.9,4,正常经营,36
YP001,创智天地企业中心,五角场,写字楼,甲级,7.2,28,86000,2010,4.2,19.1,英语流利说,在线教育,6F,2600,6.5,3,正常经营,14
YP001,创智天地企业中心,五角场,写字楼,甲级,7.2,28,86000,2010,4.2,19.1,智充科技,新能源,5F,1800,6.6,3,新签约,48
YP002,五角场万达广场写字楼,五角场,写字楼,甲级,6.8,24,72000,2008,3.9,17.8,美团点评（杨浦分部）,互联网/本地生活,18-22F,8800,6.4,3,正常经营,22
YP002,五角场万达广场写字楼,五角场,写字楼,甲级,6.8,24,72000,2008,3.9,17.8,德勤咨询,专业服务,16F,2400,6.6,2,正常经营,30
YP002,五角场万达广场写字楼,五角场,写字楼,甲级,6.8,24,72000,2008,3.9,17.8,安克创新,智能硬件,12F,1600,6.2,3,筹备装修,45
YP003,合生汇国际广场,五角场,混合,甲级,6.5,26,110000,2018,4,12,叠纸网络,游戏,20-25F,9600,6.3,4,正常经营,40
YP003,合生汇国际广场,五角场,混合,甲级,6.5,26,110000,2018,4,12,元气森林（华东）,快消品,14F,2200,6.1,3,正常经营,18
YP003,合生汇国际广场,五角场,混合,甲级,6.5,26,110000,2018,4,12,小红书 MCN 工作室,互联网/文娱,10F,1400,5.9,2,新签约,24
YP004,湾谷科技园 A 座,新江湾城,产业园,乙级,4.6,16,54000,2016,4.5,22.2,联影医疗研发中心,医疗器械,3-6F,8800,4.4,5,正常经营,50
YP004,湾谷科技园 A 座,新江湾城,产业园,乙级,4.6,16,54000,2016,4.5,22.2,诺禾致源,生物科技,2F,3200,4.2,4,正常经营,28
YP005,湾谷科技园 C 座,新江湾城,产业园,乙级,4.5,16,48000,2017,4.5,19.4,商汤科技实验室,人工智能,4-7F,7200,4.5,4,正常经营,33
YP005,湾谷科技园 C 座,新江湾城,产业园,乙级,4.5,16,48000,2017,4.5,19.4,思谋科技,人工智能,3F,2100,4.3,3,新签约,42
YP006,尚浦领世商务广场,大连路,写字楼,超甲级,8.5,32,96000,2015,4.3,18.3,汇丰银行（上海分行）,金融,28-35F,11200,8.2,4,正常经营,55
YP006,尚浦领世商务广场,大连路,写字楼,超甲级,8.5,32,96000,2015,4.3,18.3,欧莱雅中国数字中心,快消品,22F,3600,8,3,正常经营,26
YP006,尚浦领世商务广场,大连路,写字楼,超甲级,8.5,32,96000,2015,4.3,18.3,普华永道,专业服务,18F,2800,8.1,3,正常经营,38
YP007,绿地汇创国际广场,大连路,写字楼,甲级,7,27,82000,2013,4,12.2,西门子（中国）数字化工厂,智能制造,15-20F,7600,6.8,3,正常经营,29
YP007,绿地汇创国际广场,大连路,写字楼,甲级,7,27,82000,2013,4,12.2,太平洋保险科技,金融,12F,2400,6.6,3,欠租预警,9
YP008,互联宝地科技园,大连路,产业园,乙级,5.2,18,60000,2014,4.2,23.7,阿里巴巴本地生活（上海）,互联网/本地生活,6-9F,9200,5,4,正常经营,31
YP008,互联宝地科技园,大连路,产业园,乙级,5.2,18,60000,2014,4.2,23.7,字节跳动（飞书华东）,互联网,5F,3400,5.1,3,正常经营,20
YP008,互联宝地科技园,大连路,产业园,乙级,5.2,18,60000,2014,4.2,23.7,声网 Agora,云通信,4F,1600,4.9,2,新签约,36
YP009,长阳创谷 1 号楼,长阳路,产业园,乙级,5,18,45000,2016,5,17.3,启迪之星孵化器,创业服务,1-3F,5200,4.8,5,正常经营,24
YP009,长阳创谷 1 号楼,长阳路,产业园,乙级,5,18,45000,2016,5,17.3,优刻得 UCloud,云计算,4F,2600,4.9,4,正常经营,33
YP010,财大科技园国华大厦,五角场,写字楼,甲级,6.6,25,68000,2012,3.9,17.6,国华人寿保险,金融,10-18F,9800,6.4,3,正常经营,44
YP010,财大科技园国华大厦,五角场,写字楼,甲级,6.6,25,68000,2012,3.9,17.6,同盾科技,金融科技,8F,2200,6.2,3,正常经营,16
YP011,杨浦滨江国际设计中心,杨浦滨江,写字楼,超甲级,8.8,33,52000,2019,4.5,11.5,安藤忠雄建筑研究所,建筑设计,8-11F,4200,8.6,4,正常经营,41
YP011,杨浦滨江国际设计中心,杨浦滨江,写字楼,超甲级,8.8,33,52000,2019,4.5,11.5,英国 BBC 创意工作室,文化创意,6F,1800,8.4,3,正常经营,22
YP012,东方渔人码头商务楼,杨浦滨江,混合,甲级,7.4,29,74000,2017,4.1,12.7,海尔智家上海中心,智能家电,12-16F,6800,7.1,3,正常经营,35
YP012,东方渔人码头商务楼,杨浦滨江,混合,甲级,7.4,29,74000,2017,4.1,12.7,美的楼宇科技,智能制造,9F,2600,7,3,新签约,47
YP013,城市概念创意园,长阳路,产业园,丙级,3.8,12,32000,2009,4.8,13.8,米哈游创意工作室,游戏,2-4F,4400,3.7,4,正常经营,27
YP013,城市概念创意园,长阳路,产业园,丙级,3.8,12,32000,2009,4.8,13.8,叮咚买菜（研发）,互联网/本地生活,1F,1900,3.6,3,已退租,0
YP014,大柏树智慧广场,中环,写字楼,乙级,5.4,20,58000,2011,3.8,16.6,中通快递华东总部,物流,10-14F,7200,5.2,3,正常经营,30
YP014,大柏树智慧广场,中环,写字楼,乙级,5.4,20,58000,2011,3.8,16.6,货拉拉上海运营,物流,8F,2400,5.1,2,正常经营,13
YP015,新江湾城瑞创大厦,新江湾城,写字楼,甲级,6,22,64000,2020,4.2,18.1,复星医药创新中心,医药,15-21F,8600,5.8,4,正常经营,49
YP015,新江湾城瑞创大厦,新江湾城,写字楼,甲级,6,22,64000,2020,4.2,18.1,药明康德数据团队,生物科技,11F,3000,5.7,3,正常经营,25
YP016,控江路科创大楼,控江路,产业园,乙级,4.4,15,40000,2013,4.3,17.3,极链科技 Video++,人工智能,5-8F,5200,4.3,4,正常经营,21
YP016,控江路科创大楼,控江路,产业园,乙级,4.4,15,40000,2013,4.3,17.3,禾赛科技（销售）,智能硬件,4F,1700,4.2,3,新签约,39
YP017,四平路科技金融大厦,四平路,写字楼,乙级,5.6,21,50000,2012,3.9,17.2,同济科技园企业服务,专业服务,6-10F,6400,5.4,3,正常经营,28
YP017,四平路科技金融大厦,四平路,写字楼,乙级,5.6,21,50000,2012,3.9,17.2,岚图汽车数字研究院,汽车,5F,2200,5.3,3,筹备装修,46
YP018,杨浦科技创业中心,五角场,产业园,乙级,4.8,17,44000,2010,4.4,15.2,依图科技实验室,人工智能,7-9F,4800,4.7,4,正常经营,23
YP018,杨浦科技创业中心,五角场,产业园,乙级,4.8,17,44000,2010,4.4,15.2,森亿智能,医疗AI,6F,1900,4.6,3,正常经营,17
YP019,江湾国际青年公寓,新江湾城,租赁住宅,甲级,5.5,0,38000,2021,3,84.2,招商伊敦公寓运营,长租公寓,整栋,32000,5.3,1,正常经营,80
YP020,滨江湾谷人才公寓,杨浦滨江,租赁住宅,乙级,4.8,0,29000,2022,3,82.8,城投宽庭社区运营,长租公寓,整栋,24000,4.6,1,新签约,92
YP021,财富中心广场,五角场,写字楼,甲级,6.9,26,70000,2014,4,13.4,小米生态链（上海）,智能硬件,16-20F,6600,6.7,3,正常经营,34
YP021,财富中心广场,五角场,写字楼,甲级,6.9,26,70000,2014,4,13.4,理想汽车上海中心,汽车,12F,2800,6.5,3,正常经营,19
YP022,隆昌路智造园,控江路,产业园,丙级,3.6,11,28000,2008,5.2,20,上海电气智能制造,智能制造,1-3F,5600,3.5,3,正常经营,26
YP023,中环创智园,中环,混合,乙级,5,19,56000,2015,4.1,15.4,哈啰出行华东团队,互联网/出行,8-12F,6200,4.9,3,正常经营,24
YP023,中环创智园,中环,混合,乙级,5,19,56000,2015,4.1,15.4,蔚来能源研究院,新能源,6F,2400,4.8,3,新签约,41
YP024,大连路 369 广场,大连路,写字楼,超甲级,8.2,31,90000,2016,4.4,17.8,京东（华东数科）,互联网,25-32F,10400,8,4,正常经营,52
YP024,大连路 369 广场,大连路,写字楼,超甲级,8.2,31,90000,2016,4.4,17.8,渣打银行科技中心,金融,20F,3400,7.9,3,正常经营,30
YP024,大连路 369 广场,大连路,写字楼,超甲级,8.2,31,90000,2016,4.4,17.8,麦肯锡数字咨询,专业服务,18F,2200,8.1,3,正常经营,27
YP025,新江湾智汇坊,新江湾城,产业园,乙级,4.7,16,42000,2019,4.6,22.4,燧原科技芯片研发,半导体,5-9F,6800,4.6,5,正常经营,43
YP025,新江湾智汇坊,新江湾城,产业园,乙级,4.7,16,42000,2019,4.6,22.4,壁仞科技,半导体,4F,2600,4.5,4,筹备装修,50
YP026,黄兴路总部基地,四平路,写字楼,甲级,6.2,23,62000,2013,4,17.1,韵达速递总部,物流,14-19F,7400,6,3,正常经营,38
YP026,黄兴路总部基地,四平路,写字楼,甲级,6.2,23,62000,2013,4,17.1,得物（毒）运营中心,电商,10F,3200,5.9,3,正常经营,21